id;title;description;priory_level
1;unibody unblock outrageous;than;dependent unless
2;consequently oof;hmph knowledgeably morphology;brown worth
3;piety afore;spur;real
4;uh-huh nor steam;stalk dueling as;fraternise as
5;worth;bartender feline enormously;finally mmm yummy
6;harass unfurl until;till inflect ouch;of proper
7;harmonise;stack a;worthwhile imperturbable safely
8;unless outside solid;manhandle after terrible;absent
9;guilt formulate how;brr veil;round
10;gracefully;ha regarding;since fearless duh
